Frame,X pixels,Y pixels,centerx,centery,offx,offy,atn2
0,150,119,317.5,242.4,-167.5,123.4,-53.62031577
1,150.785,118.5,,,-166.715,123.9,-53.38084151
2,150.766,118.449,,,-166.734,123.951,-53.3726784
3,150.82,118.484,,,-166.68,123.916,-53.37153959
4,150.762,118.461,,,-166.738,123.939,-53.37599246
5,150.793,118.473,,,-166.707,123.927,-53.37354792
6,150.855,118.527,,,-166.645,123.873,-53.37529966
7,151.684,117.5,,,-165.816,124.9,-53.01131178
8,151.742,117.5,,,-165.758,124.9,-53.00167829
9,151.66,117.531,,,-165.84,124.869,-53.02213128
10,151.672,117.539,,,-165.828,124.861,-53.02190298
11,151.617,117.512,,,-165.883,124.888,-53.02508004
12,151.797,117.488,,,-165.703,124.912,-52.98989323
13,152.617,117.184,,,-164.883,125.216,-52.78611484
14,152.582,116.578,,,-164.918,125.822,-52.65865965
15,152.59,116.586,,,-164.91,125.814,-52.65907614
16,152.566,116.562,,,-164.934,125.838,-52.6578268
17,152.594,116.559,,,-164.906,125.841,-52.65247687
18,152.707,116.586,,,-164.793,125.814,-52.63946437
19,153.559,116.566,,,-163.941,125.834,-52.49171978
20,153.465,116.566,,,-164.035,125.834,-52.50758162
21,153.449,115.871,,,-164.051,126.529,-52.35777231
22,153.512,115.863,,,-163.988,126.537,-52.34537702
23,153.5,115.871,,,-164,126.529,-52.34915673
24,153.52,115.852,,,-163.98,126.548,-52.34161618
25,154.371,115.82,,,-163.129,126.58,-52.19031375
26,154.332,115.414,,,-163.168,126.986,-52.10805181
27,154.305,115.262,,,-163.195,127.138,-52.07942208
28,154.309,115.25,,,-163.191,127.15,-52.0761195
29,154.332,115.266,,,-163.168,127.134,-52.07569989
30,154.434,115.234,,,-163.066,127.166,-52.05133582
31,155.312,114.805,,,-162.188,127.595,-51.80749938
32,155.262,114.824,,,-162.238,127.576,-51.82022724
33,155.27,114.812,,,-162.23,127.588,-51.81623581
34,155.285,114.234,,,-162.215,128.166,-51.6877523
35,155.23,114.238,,,-162.27,128.162,-51.69806988
36,155.344,114.25,,,-162.156,128.15,-51.68109281
37,156.145,114.281,,,-161.355,128.119,-51.54974315
38,156.156,114.254,,,-161.344,128.146,-51.54196108
39,156.145,114.234,,,-161.355,128.166,-51.5395087
40,156.125,113.457,,,-161.375,128.943,-51.37419718
41,156.105,113.332,,,-161.395,129.068,-51.3505836
42,156.238,113.316,,,-161.262,129.084,-51.32407706
43,157.133,113.289,,,-160.367,129.111,-51.16256083
44,157.094,113.301,,,-160.406,129.099,-51.17196742
45,157.109,113.309,,,-160.391,129.091,-51.17108455
46,157.074,113.305,,,-160.426,129.095,-51.1763236
47,157.109,112.324,,,-160.391,130.076,-50.95818481
48,157.102,112.359,,,-160.398,130.041,-50.96695113
49,157.297,112.453,,,-160.203,129.947,-50.95312232
50,157.945,112.438,,,-159.555,129.962,-50.83622289
51,157.945,112.359,,,-159.555,130.041,-50.81917295
52,157.941,112.348,,,-159.559,130.052,-50.817503
53,157.836,111.469,,,-159.664,130.931,-50.64684838
54,157.945,111.402,,,-159.555,130.998,-50.61328703
55,158.066,111.352,,,-159.434,131.048,-50.58124252
56,158.25,111.383,,,-159.25,131.017,-50.5554343
57,158.848,111.398,,,-158.652,131.002,-50.452859
58,158.867,111.355,,,-158.633,131.045,-50.44025736
59,158.828,111.375,,,-158.672,131.025,-50.45146652
60,158.828,111.391,,,-158.672,131.009,-50.45490185
61,158.859,110.438,,,-158.641,131.962,-50.2453733
62,159.09,110.566,,,-158.41,131.834,-50.23166192
63,159.637,110.496,,,-157.863,131.904,-50.11922079
64,159.699,110.477,,,-157.801,131.923,-50.10408516
65,159.688,110.496,,,-157.812,131.904,-50.1101113
66,159.676,109.523,,,-157.824,132.877,-49.90491741
67,159.723,109.492,,,-157.777,132.908,-49.88992386
68,159.73,109.449,,,-157.77,132.951,-49.87953863
69,159.984,109.406,,,-157.516,132.994,-49.8249092
70,160.559,109.438,,,-156.941,132.962,-49.72839222
71,160.559,109.426,,,-156.941,132.974,-49.72584194
72,160.527,109.434,,,-156.973,132.966,-49.73330332
73,160.543,109.449,,,-156.957,132.951,-49.73361086
74,160.578,108.496,,,-156.922,133.904,-49.52535442
75,160.559,108.578,,,-156.941,133.822,-49.54610874
76,160.566,108.555,,,-156.934,133.845,-49.53998545
77,160.605,108.551,,,-156.895,133.849,-49.53210886
78,160.832,108.602,,,-156.668,133.798,-49.50192708
79,161.488,108.562,,,-156.012,133.838,-49.37469999
80,161.562,108.469,,,-155.938,133.931,-49.34159559
81,161.48,107.797,,,-156.02,134.603,-49.21470279
82,161.508,107.789,,,-155.992,134.611,-49.20793227
83,161.461,107.785,,,-156.039,134.615,-49.21562732
84,161.488,107.746,,,-156.012,134.654,-49.20251414
85,161.527,107.809,,,-155.973,134.591,-49.20869116
86,161.547,107.797,,,-155.953,134.603,-49.20253037
87,161.977,107.609,,,-155.523,134.791,-49.0846911
88,162.547,106.781,,,-154.953,135.619,-48.80671968
89,162.543,106.777,,,-154.957,135.623,-48.80661519
90,162.531,106.777,,,-154.969,135.623,-48.80881405
91,162.531,106.758,,,-154.969,135.642,-48.80483631
92,162.5,106.766,,,-155,135.634,-48.81219065
93,162.523,106.766,,,-154.977,135.634,-48.8079769
94,162.562,106.625,,,-154.938,135.775,-48.771324
95,162.523,106.215,,,-154.977,136.185,-48.69282729
96,162.543,106.203,,,-154.957,136.197,-48.68665733
97,162.773,106.34,,,-154.727,136.06,-48.67304851
98,163.348,106.148,,,-154.152,136.252,-48.52715034
99,163.387,106.176,,,-154.113,136.224,-48.52579968
100,163.418,106.164,,,-154.082,136.236,-48.51757559
101,163.402,106.172,,,-154.098,136.228,-48.52219745
102,163.402,105.301,,,-154.098,137.099,-48.34092332
103,163.391,105.328,,,-154.109,137.072,-48.34855831
104,163.363,105.328,,,-154.137,137.072,-48.35372729
105,163.363,105.34,,,-154.137,137.06,-48.35621821
106,163.348,105.324,,,-154.152,137.076,-48.3556657
107,163.637,105.246,,,-153.863,137.154,-48.28608038
108,164.125,104.914,,,-153.375,137.486,-48.12681553
109,164.168,104.348,,,-153.332,138.052,-48.00180635
110,164.234,104.352,,,-153.266,138.048,-47.99036547
111,164.203,104.352,,,-153.297,138.048,-47.99612769
112,164.168,104.359,,,-153.332,138.041,-48.00407658
113,164.18,104.355,,,-153.32,138.045,-48.00102121
114,164.168,104.355,,,-153.332,138.045,-48.00325102
115,164.211,104.355,,,-153.289,138.045,-47.99525996
116,164.418,103.312,,,-153.082,139.088,-47.74218724
117,164.934,103.34,,,-152.566,139.06,-47.65163
118,165.055,103.367,,,-152.445,139.033,-47.63453621
119,165.078,103.363,,,-152.422,139.037,-47.62941117
120,165.152,103.371,,,-152.348,139.029,-47.61719919
121,165.145,103.398,,,-152.355,139.002,-47.62405077
122,165.098,103.047,,,-152.402,139.353,-47.56089763
123,165.094,102.457,,,-152.406,139.943,-47.4410728
124,165.086,102.402,,,-152.414,139.998,-47.43135487
125,165.262,102.488,,,-152.238,139.912,-47.41591369
126,165.859,102.402,,,-151.641,139.998,-47.28618494
127,165.898,102.406,,,-151.602,139.994,-47.27965547
128,166.059,102.41,,,-151.441,139.99,-47.25012658
129,166.055,101.422,,,-151.445,140.978,-47.04997213
130,165.941,101.41,,,-151.559,140.99,-47.0690409
131,165.934,101.406,,,-151.566,140.994,-47.06954993
132,165.859,101.398,,,-151.641,141.002,-47.08206401
133,165.871,101.41,,,-151.629,140.99,-47.08223463
134,166.121,101.371,,,-151.379,141.029,-47.02718069
135,166.914,101.387,,,-150.586,141.013,-46.88030678
136,166.953,101.184,,,-150.547,141.216,-46.83177701
137,166.879,100.703,,,-150.621,141.697,-46.74860522
138,166.898,100.59,,,-150.602,141.81,-46.72220283
139,166.914,100.574,,,-150.586,141.826,-46.71593833
140,166.91,100.609,,,-150.59,141.791,-46.72375582
141,166.836,100.586,,,-150.664,141.814,-46.73316618
142,166.859,100.566,,,-150.641,141.834,-46.72476793
143,166.91,99.6641,,,-150.59,142.7359,-46.53378642
144,167.641,99.7344,,,-149.859,142.6656,-46.40866243
145,167.648,99.7266,,,-149.852,142.6734,-46.40576151
146,167.73,99.6914,,,-149.77,142.7086,-46.38304079
147,167.77,99.707,,,-149.73,142.693,-46.37852562
148,167.828,99.7188,,,-149.672,142.6812,-46.36980549
149,167.793,99.293,,,-149.707,143.107,-46.29122284
150,167.668,98.6992,,,-149.832,143.7008,-46.19659816
151,167.742,98.7383,,,-149.758,143.6617,-46.19024733
152,168.613,98.7383,,,-148.887,143.6617,-46.02326828
153,168.523,98.7305,,,-148.977,143.6695,-46.0390147
154,168.551,98.7539,,,-148.949,143.6461,-46.03829671
155,168.559,98.7539,,,-148.941,143.6461,-46.03675901
156,168.539,98.7617,,,-148.961,143.6383,-46.0421577
157,168.566,98.7695,,,-148.934,143.6305,-46.03852275
158,168.621,98.1836,,,-148.879,144.2164,-45.91139189
159,168.555,98.1641,,,-148.945,144.2359,-45.92021123
160,168.719,98.2188,,,-148.781,144.1812,-45.89952722
161,169.539,98.1953,,,-147.961,144.2047,-45.73659666
162,169.469,98.2109,,,-148.031,144.1891,-45.75324036
163,169.496,98.1875,,,-148.004,144.2125,-45.74336924
164,169.488,97.4375,,,-148.012,144.9625,-45.59635624
165,169.469,97.3203,,,-148.031,145.0797,-45.57688552
166,169.473,97.3438,,,-148.027,145.0562,-45.58075138
167,169.488,97.3281,,,-148.012,145.0719,-45.57474897
168,169.594,97.3594,,,-147.906,145.0406,-45.56040961
169,170.43,97.3281,,,-147.07,145.0719,-45.39186749
170,170.336,97.3438,,,-147.164,145.0562,-45.41327037
171,170.324,97.3398,,,-147.176,145.0602,-45.41481614
172,170.344,97.3398,,,-147.156,145.0602,-45.41092327
173,170.34,96.3359,,,-147.16,146.0641,-45.21413708
174,170.371,96.3633,,,-147.129,146.0367,-45.21347617
175,170.371,96.3555,,,-147.129,146.0445,-45.21194613
176,170.395,96.3477,,,-147.105,146.0523,-45.20574281
177,170.531,96.3867,,,-146.969,146.0133,-45.18689655
178,171.18,96.3594,,,-146.32,146.0406,-45.05475579
179,171.215,95.457,,,-146.285,146.943,-44.8714292
180,171.273,95.3867,,,-146.227,147.0133,-44.8463664
181,171.27,95.375,,,-146.23,147.025,-44.84467432
182,171.309,95.3477,,,-146.191,147.0523,-44.8317141
183,171.27,95.3672,,,-146.23,147.0328,-44.84315455
184,171.293,95.3867,,,-146.207,147.0133,-44.84244791
185,171.273,95.3672,,,-146.227,147.0328,-44.84256682
186,171.5,95.3711,,,-146,147.0289,-44.79882058
187,172.145,95.3633,,,-145.355,147.0367,-44.67046517
188,172.219,94.3672,,,-145.281,148.0328,-44.46248045
189,172.219,94.3906,,,-145.281,148.0094,-44.46700848
190,172.23,94.4219,,,-145.27,147.9781,-44.47089754
191,172.25,94.4062,,,-145.25,147.9938,-44.4639151
192,172.258,94.3867,,,-145.242,148.0133,-44.45856369
193,172.258,94.3867,,,-145.242,148.0133,-44.45856369
194,172.262,93.4766,,,-145.238,148.9234,-44.28220759
195,172.281,93.4102,,,-145.219,148.9898,-44.26569465
196,172.582,93.3984,,,-144.918,149.0016,-44.20400684
197,173.133,93.4219,,,-144.367,148.9781,-44.09944017
198,173.148,93.3945,,,-144.352,149.0055,-44.09119914
199,173.129,93.4492,,,-144.371,148.9508,-44.10548111
200,173.125,93.418,,,-144.375,148.982,-44.10027728
201,173.109,93.3633,,,-144.391,149.0367,-44.0929392
202,173.082,92.6719,,,-144.418,149.7281,-43.96577492
203,173.125,92.6094,,,-144.375,149.7906,-43.94530164
204,173.109,92.6211,,,-144.391,149.7789,-43.9507104
205,173.391,92.6602,,,-144.109,149.7398,-43.90221911
206,173.938,92.5977,,,-143.562,149.8023,-43.78141635
207,173.949,92.6133,,,-143.551,149.7867,-43.78220396
208,173.938,92.6172,,,-143.562,149.7828,-43.78514237
209,173.977,92.4688,,,-143.523,149.9312,-43.74902295
210,173.965,91.6055,,,-143.535,150.7945,-43.58711275
211,173.926,91.5977,,,-143.574,150.8023,-43.5934062
212,173.891,91.6094,,,-143.609,150.7906,-43.60260075
213,173.898,91.6016,,,-143.602,150.7984,-43.59972591
214,173.871,91.6055,,,-143.629,150.7945,-43.60584539
215,174.285,91.5195,,,-143.215,150.8805,-43.50694288
216,174.766,91.5625,,,-142.734,150.8375,-43.41885714
217,174.75,91.6055,,,-142.75,150.7945,-43.43021905
218,174.766,90.7148,,,-142.734,151.6852,-43.25857808
219,174.773,90.7383,,,-142.727,151.6617,-43.26160614
220,174.742,90.7031,,,-142.758,151.6969,-43.26118024
221,174.727,90.6914,,,-142.773,151.7086,-43.26197927
222,174.742,90.7148,,,-142.758,151.6852,-43.2633858
223,175.152,90.6914,,,-142.348,151.7086,-43.17673935
224,175.73,90.5742,,,-141.77,151.8258,-43.0383583
225,175.738,90.2578,,,-141.762,152.1422,-42.9772506
226,175.703,90.2109,,,-141.797,152.1891,-42.9754973
227,175.73,90.2617,,,-141.77,152.1383,-42.97959574
228,175.707,90.25,,,-141.793,152.15,-42.98203393
229,175.688,90.2305,,,-141.812,152.1695,-42.98220066
230,175.957,90.4258,,,-141.543,151.9742,-42.96464292
231,176.715,90.2656,,,-140.785,152.1344,-42.7811384
232,176.691,89.3164,,,-140.809,153.0836,-42.60839751
233,176.691,89.3164,,,-140.809,153.0836,-42.60839751
234,176.746,89.3086,,,-140.754,153.0914,-42.5957901
235,176.691,89.3203,,,-140.809,153.0797,-42.60912482
236,176.906,89.2734,,,-140.594,153.1266,-42.55676043
237,177.555,88.8633,,,-139.945,153.5367,-42.34841726
238,177.547,88.3203,,,-139.953,154.0797,-42.24935909
239,177.555,88.3164,,,-139.945,154.0836,-42.24700725
240,177.543,88.2656,,,-139.957,154.1344,-42.24005256
241,177.746,88.4023,,,-139.754,153.9977,-42.22396434
242,178.402,88.3438,,,-139.098,154.0562,-42.07901472
243,178.379,88.3477,,,-139.121,154.0523,-42.08444821
244,178.391,88.293,,,-139.109,154.107,-42.07187243
245,178.371,87.3477,,,-139.129,155.0523,-41.90174575
246,178.574,87.3086,,,-138.926,155.0914,-41.85298354
247,179.195,87.3516,,,-138.305,155.0484,-41.73333778
248,179.215,87.3594,,,-138.285,155.0406,-41.73065355
249,179.238,87.3242,,,-138.262,155.0758,-41.7194585
250,179.211,87.3516,,,-138.289,155.0484,-41.73004497
251,179.535,86.957,,,-137.965,155.443,-41.59098029
252,180.156,86.3516,,,-137.344,156.0484,-41.35220676
253,180.129,86.3555,,,-137.371,156.0445,-41.35850268
254,180.188,86.3516,,,-137.312,156.0484,-41.3455854
255,180.18,86.3633,,,-137.32,156.0367,-41.34937145
256,180.32,86.418,,,-137.18,155.982,-41.33035038
257,181.258,86.4062,,,-136.242,155.9938,-41.13334092
258,181.176,85.4531,,,-136.324,156.9469,-40.97756466
259,181.141,85.4453,,,-136.359,156.9547,-40.98343682
260,181.27,85.4023,,,-136.23,156.9977,-40.94882077
261,181.914,85.4141,,,-135.586,156.9859,-40.81660326
262,181.953,85.4023,,,-135.547,156.9977,-40.80631942
263,182.062,85.1211,,,-135.438,157.2789,-40.73281617
264,181.953,84.6094,,,-135.547,157.7906,-40.66359706
265,182.102,84.582,,,-135.398,157.818,-40.62753497
266,182.93,84.5352,,,-134.57,157.8648,-40.44554423
267,182.918,84.5586,,,-134.582,157.8414,-40.45225982
268,182.906,84.5625,,,-134.594,157.8375,-40.45548096
269,182.918,84.582,,,-134.582,157.818,-40.45645383
270,182.898,84.582,,,-134.602,157.818,-40.46065745
271,183.812,83.5625,,,-133.688,158.8375,-40.08615285
272,183.801,83.5391,,,-133.699,158.8609,-40.08431718
273,183.715,83.5234,,,-133.785,158.8766,-40.09967928
274,183.77,83.5586,,,-133.73,158.8414,-40.09432666
275,184.68,83.543,,,-132.82,158.857,-39.898924
276,184.656,83.5234,,,-132.844,158.8766,-39.90053974
277,184.672,83.2773,,,-132.828,159.1227,-39.85350997
278,184.676,82.7344,,,-132.824,159.6656,-39.7566859
279,184.703,82.7539,,,-132.797,159.6461,-39.7543997
280,185.648,82.7617,,,-131.852,159.6383,-39.55473599
281,185.637,82.7383,,,-131.863,159.6617,-39.55295955
282,185.547,82.7422,,,-131.953,159.6578,-39.57284206
283,185.598,82.7578,,,-131.902,159.6422,-39.56471504
284,186.52,82.2266,,,-130.98,160.1734,-39.27419801
285,186.539,82.2461,,,-130.961,160.1539,-39.27354323
286,186.547,82.2656,,,-130.953,160.1344,-39.27524689
287,186.535,82.2773,,,-130.965,160.1227,-39.27987132
288,186.578,82.2773,,,-130.922,160.1227,-39.27065097
289,186.578,82.2773,,,-130.922,160.1227,-39.27065097
290,187.395,81.4219,,,-130.105,160.9781,-38.94568159
291,187.434,81.3047,,,-130.066,161.0953,-38.91690144
292,187.41,81.3125,,,-130.09,161.0875,-38.92342452
293,187.402,81.2969,,,-130.098,161.1031,-38.92243471
294,187.512,81.2969,,,-129.988,161.1031,-38.89874758
295,188.156,81.2812,,,-129.344,161.1188,-38.75702697
296,188.242,81.2695,,,-129.258,161.1305,-38.73639407
297,188.199,81.25,,,-129.301,161.15,-38.74231179
298,188.152,80.3086,,,-129.348,162.0914,-38.58966476
299,188.191,80.3086,,,-129.309,162.0914,-38.58124142
300,188.355,80.3516,,,-129.145,162.0484,-38.55320752
301,189.039,80.3359,,,-128.461,162.0641,-38.40229659
302,189.082,80.332,,,-128.418,162.068,-38.39228807
303,188.945,80.3398,,,-128.555,162.0602,-38.42337146
304,189.062,79.4688,,,-128.438,162.9312,-38.24856832
305,189.281,79.3047,,,-128.219,163.0953,-38.17301272
306,190.055,79.3516,,,-127.445,163.0484,-38.01257287
307,189.93,79.3359,,,-127.57,163.0641,-38.03715201
308,189.93,79.3477,,,-127.57,163.0523,-38.03916425
309,189.926,79.3516,,,-127.574,163.0484,-38.04070123
310,189.828,79.3477,,,-127.672,163.0523,-38.0613904
311,189.859,79.3711,,,-127.641,163.0289,-38.05862827
312,190.277,78.4688,,,-127.223,163.9312,-37.81416535
313,190.879,78.3594,,,-126.621,164.0406,-37.66412599
314,190.883,78.3555,,,-126.617,164.0445,-37.66259162
315,190.867,78.3594,,,-126.633,164.0406,-37.66675236
316,190.852,78.3516,,,-126.648,164.0484,-37.66871726
317,190.832,78.3555,,,-126.668,164.0445,-37.6737526
318,191.27,77.4531,,,-126.23,164.9469,-37.425984
319,191.719,77.4922,,,-125.781,164.9078,-37.33404458
320,191.688,77.4141,,,-125.812,164.9859,-37.32777159
321,191.746,77.4648,,,-125.754,164.9352,-37.32352365
322,191.816,77.4531,,,-125.684,164.9469,-37.30618367
323,191.812,77.4648,,,-125.688,164.9352,-37.30902203
324,192.062,77.4023,,,-125.438,164.9977,-37.24358206
325,192.625,76.6172,,,-124.875,165.7828,-36.98868992
326,192.625,76.5352,,,-124.875,165.8648,-36.97507477
327,192.637,76.5234,,,-124.863,165.8766,-36.97047054
328,192.605,76.5352,,,-124.895,165.8648,-36.97948393
329,192.594,76.5,,,-124.906,165.9,-36.97606642
330,192.895,76.5781,,,-124.605,165.8219,-36.9226189
331,193.465,75.5547,,,-124.035,166.8453,-36.62760004
332,193.434,75.4961,,,-124.066,166.9039,-36.6248221
333,193.484,75.4844,,,-124.016,166.9156,-36.61184227
334,193.488,75.4492,,,-124.012,166.9508,-36.60517413
335,193.891,75.4648,,,-123.609,166.9352,-36.51850352
336,194.34,75.4688,,,-123.16,166.9312,-36.41949745
337,194.391,75.4922,,,-123.109,166.9078,-36.41199786
338,194.414,75.457,,,-123.086,166.943,-36.4011129
339,194.406,74.7656,,,-123.094,167.6344,-36.28985133
340,194.434,74.7305,,,-123.066,167.6695,-36.2779111
341,194.777,74.7031,,,-122.723,167.6969,-36.19720168
342,195.336,74.7539,,,-122.164,167.6461,-36.08088752
343,195.375,74.7539,,,-122.125,167.6461,-36.07218059
344,195.383,74.6328,,,-122.117,167.7672,-36.05070684
345,195.387,74.2617,,,-122.113,168.1383,-35.98959954
346,195.363,73.7773,,,-122.137,168.6227,-35.9166117
347,195.621,73.6875,,,-121.879,168.7125,-35.84458982
348,196.27,73.793,,,-121.23,168.607,-35.71648607
349,196.266,73.7617,,,-121.234,168.6383,-35.71234131
350,196.285,73.7891,,,-121.215,168.6109,-35.71249765
351,196.285,73.793,,,-121.215,168.607,-35.71312577
352,196.285,72.8203,,,-121.215,169.5797,-35.55705722
353,196.566,72.8164,,,-120.934,169.5836,-35.49354891
354,197.105,73.2031,,,-120.395,169.1969,-35.43441515
355,197.102,73.2188,,,-120.398,169.1812,-35.4376012
356,197.109,73.2305,,,-120.391,169.1695,-35.43789939
357,197.121,73.2461,,,-120.379,169.1539,-35.43769745
358,197.453,72.7852,,,-120.047,169.6148,-35.28942971
359,198.035,72.2148,,,-119.465,170.1852,-35.06772505
360,197.949,72.2852,,,-119.551,170.1148,-35.09826764
361,197.977,72.3281,,,-119.523,170.0719,-35.0987522
362,197.914,72.2656,,,-119.586,170.1344,-35.10305232
363,197.965,72.3164,,,-119.535,170.0836,-35.099604
364,198.191,72.4648,,,-119.309,169.9352,-35.07212751
365,198.945,72.3281,,,-118.555,170.0719,-34.87987194
366,198.875,71.3516,,,-118.625,171.0484,-34.74197193
367,198.836,71.3359,,,-118.664,171.0641,-34.74832924
368,198.793,71.3516,,,-118.707,171.0484,-34.76051471
369,198.797,71.3398,,,-118.703,171.0602,-34.75775907
370,199.23,71.3008,,,-118.27,171.0992,-34.65364061
371,199.664,71.4688,,,-117.836,170.9312,-34.58147776
372,199.77,71.3359,,,-117.73,171.0641,-34.53658645
373,200.027,71.4688,,,-117.473,170.9312,-34.49891655
374,199.777,70.8711,,,-117.723,171.5289,-34.46242584
375,199.836,70.9805,,,-117.664,171.4195,-34.46608001
376,200,71.1211,,,-117.5,171.2789,-34.45073087
377,200.102,71.3477,,,-117.398,171.0523,-34.46290359
378,200.668,70.9609,,,-116.832,171.4391,-34.27357503
379,200.844,70.8359,,,-116.656,171.5641,-34.21396926
380,200.566,70.8516,,,-116.934,171.5484,-34.27984984
381,200.945,71.1562,,,-116.555,171.2438,-34.24068251
382,200.781,70.2031,,,-116.719,172.1969,-34.13031806
383,200.816,70.1992,,,-116.684,172.2008,-34.12173516
384,200.918,70.1797,,,-116.582,172.2203,-34.09545811
385,201,70.1094,,,-116.5,172.2906,-34.06589502
386,200.945,70.1172,,,-116.555,172.2828,-34.0796486
387,201.031,70.2148,,,-116.469,172.1852,-34.0750896
388,200.895,70.1133,,,-116.605,172.2867,-34.09045233
389,200.848,70.0625,,,-116.652,172.3375,-34.09332937
390,200.973,70.1484,,,-116.527,172.2516,-34.07807586
391,201.219,69.5547,,,-116.281,172.8453,-33.93053971
392,203.316,68.2461,,,-114.184,174.1539,-33.2508513
393,203.336,68.1953,,,-114.164,174.2047,-33.23858794
394,203.23,68.2422,,,-114.27,174.1578,-33.27004574
395,203.312,68.3516,,,-114.188,174.0484,-33.26769392
396,203.477,68.2266,,,-114.023,174.1734,-33.21085189
397,203.312,68.2305,,,-114.188,174.1695,-33.24941839
398,203.328,68.3008,,,-114.172,174.0992,-33.25634347
399,203.379,68.2266,,,-114.121,174.1734,-33.23341264
400,204.293,67.6406,,,-113.207,174.7594,-32.93467229
401,204.125,67.4141,,,-113.375,174.9859,-32.93957925
402,204.094,67.4609,,,-113.406,174.9391,-32.95372287
403,204.18,67.5508,,,-113.32,174.8492,-32.94732635
404,204.395,67.5742,,,-113.105,174.8258,-32.90118239
405,204.34,67.5391,,,-113.16,174.8609,-32.90864068
406,204.355,67.4141,,,-113.145,174.9859,-32.88650488
407,205.406,67.5195,,,-112.094,174.8805,-32.65884958
408,205.402,67.6211,,,-112.098,174.7789,-32.67490782
409,205.109,66.8555,,,-112.391,175.5445,-32.62908737
410,205.227,66.7422,,,-112.273,175.6578,-32.58498494
411,205.266,66.7188,,,-112.234,175.6812,-32.57248994
412,205.324,66.668,,,-112.176,175.732,-32.55154128
413,206.109,66.582,,,-111.391,175.818,-32.35665303
414,206.168,66.5703,,,-111.332,175.8297,-32.34120781
415,206.188,66.6602,,,-111.312,175.7398,-32.34979982
416,206.109,66.5703,,,-111.391,175.8297,-32.35492938
417,206.168,65.7734,,,-111.332,176.6266,-32.22421857
418,206.207,65.6836,,,-111.293,176.7164,-32.20202989
419,206.223,65.7266,,,-111.277,176.6734,-32.2046028
420,207.102,65.6914,,,-110.398,176.7086,-31.99491894
421,207.297,65.7383,,,-110.203,176.6617,-31.95624902
422,206.98,65.6953,,,-110.52,176.7047,-32.02393069
423,207.168,65.668,,,-110.332,176.732,-31.97611611
424,207.242,65.6797,,,-110.258,176.7203,-31.96055375
425,207.219,64.7148,,,-110.281,177.6852,-31.8259648
426,207.852,64.6641,,,-109.648,177.7359,-31.67107172
427,208.039,64.668,,,-109.461,177.732,-31.6279483
428,207.949,64.6484,,,-109.551,177.7516,-31.6461563
429,208.02,64.6367,,,-109.48,177.7633,-31.62788358
430,208.059,65.2422,,,-109.441,177.1578,-31.70611296
431,208.039,64.6875,,,-109.461,177.7125,-31.63075541
432,208.992,64.5312,,,-108.508,177.8688,-31.38507667
433,209.117,63.6797,,,-108.383,178.7203,-31.23426571
434,208.883,64.1992,,,-108.617,178.2008,-31.36315441
435,209.074,63.7188,,,-108.426,178.6812,-31.24990301
436,209.137,63.6719,,,-108.363,178.7281,-31.22846913
437,209.266,63.6641,,,-108.234,178.7359,-31.19711306
438,209.926,63.6484,,,-107.574,178.7516,-31.03983184
439,210.141,63.7227,,,-107.359,178.6773,-30.99972833
440,210.203,63.125,,,-107.297,179.275,-30.90073556
441,210.246,62.7344,,,-107.254,179.6656,-30.83570543
442,210.285,63.207,,,-107.215,179.193,-30.89298444
443,210.207,62.75,,,-107.293,179.65,-30.8470641
444,210.848,62.7539,,,-106.652,179.6461,-30.69668719
445,210.875,62.7227,,,-106.625,179.6773,-30.68595264
446,211.098,63.1758,,,-106.402,179.2242,-30.69679897
447,211.031,63.1719,,,-106.469,179.2281,-30.71208608
448,210.93,62.5781,,,-106.57,179.8219,-30.65276055
449,211.07,62.2852,,,-106.43,180.1148,-30.57887963
450,211.332,62.2578,,,-106.168,180.1422,-30.51325322
451,211.371,62.3008,,,-106.129,180.0992,-30.51002826
452,211.363,62.2383,,,-106.137,180.1617,-30.50322233
453,211.34,62.1992,,,-106.16,180.2008,-30.50321416
454,211.387,62.3438,,,-106.113,180.0562,-30.51223403
455,212.039,62.2383,,,-105.461,180.1617,-30.34336558
456,212.273,62.1602,,,-105.227,180.2398,-30.2770951
457,212.262,61.293,,,-105.238,181.107,-30.16009599
458,212.305,61.25,,,-105.195,181.15,-30.14401794
459,212.281,61.2891,,,-105.219,181.1109,-30.15506625
460,212.219,61.2109,,,-105.281,181.1891,-30.15898329
461,212.996,61.4062,,,-104.504,180.9938,-30.00170486
462,213.145,61.2305,,,-104.355,181.1695,-29.94226739
463,213.09,61.2656,,,-104.41,181.1344,-29.96012941
464,213.039,61.1406,,,-104.461,181.2594,-29.95513407
465,213.109,60.5977,,,-104.391,181.8023,-29.86447078
466,213.234,60.3711,,,-104.266,182.0289,-29.80404484
467,213.371,60.3867,,,-104.129,182.0133,-29.77368154
468,214.035,60.1641,,,-103.465,182.2359,-29.58587893
469,214.094,60.2266,,,-103.406,182.1734,-29.5802856
470,214.078,60.2539,,,-103.422,182.1461,-29.58777818
471,214.098,60.3516,,,-103.402,182.0484,-29.59622019
472,214.129,60.2266,,,-103.371,182.1734,-29.57195943
473,214.438,60.3359,,,-103.062,182.0641,-29.51313092
474,215.102,59.4961,,,-102.398,182.9039,-29.24210481
475,215.09,59.4414,,,-102.41,182.9586,-29.23766417
476,215.09,59.4102,,,-102.41,182.9898,-29.23350038
477,214.977,59.3672,,,-102.523,183.0328,-29.25469589
478,215.012,59.4609,,,-102.488,182.9391,-29.25886402
479,215.254,59.4453,,,-102.246,182.9547,-29.19906318
480,215.91,59.5508,,,-101.59,182.8492,-29.0563068
481,215.883,59.6055,,,-101.617,182.7945,-29.07005071
482,215.793,58.543,,,-101.707,183.857,-28.95072613
483,215.559,58.5078,,,-101.941,183.8922,-29.00188025
484,215.574,58.3633,,,-101.926,184.0367,-28.9792268
485,215.898,58.4336,,,-101.602,183.9664,-28.91123967
486,216.477,58.5039,,,-101.023,183.8961,-28.7821158
487,216.766,58.5273,,,-100.734,183.8727,-28.71597349
488,216.535,58.4023,,,-100.965,183.9977,-28.75488379
489,216.516,58.4141,,,-100.984,183.9859,-28.76098077
490,216.598,58.5508,,,-100.902,183.8492,-28.75931152
491,217.188,58.4727,,,-100.312,183.9273,-28.60758295
492,217.414,57.6836,,,-100.086,184.7164,-28.45043043
493,217.332,57.668,,,-100.168,184.732,-28.46806154
494,217.336,57.7852,,,-100.164,184.6148,-28.48234185
495,217.445,57.6641,,,-100.055,184.7359,-28.44046369
496,218.098,57.6289,,,-99.402,184.7711,-28.2790847
497,218.523,57.6406,,,-98.977,184.7594,-28.17828891
498,218.465,57.6016,,,-99.035,184.7984,-28.18722765
499,218.52,57.6289,,,-98.98,184.7711,-28.17750155
500,218.34,56.8008,,,-99.16,185.5992,-28.11423267
501,218.441,56.7695,,,-99.059,185.6305,-28.0859582
502,218.535,56.6328,,,-98.965,185.7672,-28.04586483
503,218.891,56.6445,,,-98.609,185.7555,-27.96176431
504,219.41,56.7891,,,-98.09,185.6109,-27.85515827
505,219.383,56.7734,,,-98.117,185.6266,-27.85967069
506,219.266,56.543,,,-98.234,185.857,-27.85851818
507,219.426,56.7422,,,-98.074,185.6578,-27.84531847
508,219.27,56.7852,,,-98.23,185.6148,-27.88843168
509,219.922,56.7266,,,-97.578,185.6734,-27.72352886
510,220.344,56.7109,,,-97.156,185.6891,-27.61940326
511,220.391,55.7461,,,-97.109,186.6539,-27.4862633
512,220.332,55.7773,,,-97.168,186.6227,-27.50443755
513,220.262,55.7695,,,-97.238,186.6305,-27.52036114
514,220.492,55.7227,,,-97.008,186.6773,-27.45891991
515,221.262,55.7539,,,-96.238,186.6461,-27.27642502
516,221.277,55.6875,,,-96.223,186.7125,-27.26448785
517,221.328,55.7109,,,-96.172,186.6891,-27.25504394
518,221.281,55.8281,,,-96.219,186.5719,-27.281097
519,221.238,55.2891,,,-96.262,187.1109,-27.22423243
520,221.27,55.0352,,,-96.23,187.3648,-27.18489642
521,221.867,54.8164,,,-95.633,187.5836,-27.01318539
522,221.988,54.7383,,,-95.512,187.6617,-26.97420122
523,221.883,54.8594,,,-95.617,187.5406,-27.01462139
524,221.855,55.0039,,,-95.645,187.3961,-27.03928863
525,221.996,55.0156,,,-95.504,187.3844,-27.00652446
526,222.184,54.8477,,,-95.316,187.5523,-26.94014379
527,222.895,54.8438,,,-94.605,187.5562,-26.76677964
528,222.887,54.9102,,,-94.613,187.4898,-26.77688688
529,222.82,54.0625,,,-94.68,188.3375,-26.68934145
530,222.984,53.793,,,-94.516,188.607,-26.61667117
531,223.047,54.2148,,,-94.453,188.1852,-26.65276722
532,223.09,53.7734,,,-94.41,188.6266,-26.58854464
533,224.031,53.8477,,,-93.469,188.5523,-26.36849911
534,223.902,53.7695,,,-93.598,188.6305,-26.39049671
535,224.078,54.1367,,,-93.422,188.2633,-26.39201172
536,223.953,53.7969,,,-93.547,188.6031,-26.38137794
537,223.891,53.6641,,,-93.609,188.7359,-26.38043537
538,224.367,53.0586,,,-93.133,189.3414,-26.19158987
539,224.465,53.082,,,-93.035,189.318,-26.17050975
540,224.773,53.2461,,,-92.727,189.1539,-26.11501162
541,224.945,53.0625,,,-92.555,189.3375,-26.0510529
542,224.891,52.875,,,-92.609,189.525,-26.04186374
543,224.93,53.3203,,,-92.57,189.0797,-26.08553383
544,225.781,53.0703,,,-91.719,189.3297,-25.84743342
545,225.477,53.2031,,,-92.023,189.1969,-25.93770743
546,225.402,53.1797,,,-92.098,189.2203,-25.95328363
547,225.852,52.2461,,,-91.648,190.1539,-25.73255569
548,226.539,52.3242,,,-90.961,190.0758,-25.5735012
549,226.82,51.8555,,,-90.68,190.5445,-25.44974555
550,226.797,52.1484,,,-90.703,190.2516,-25.48960687
551,227.832,52.2422,,,-89.668,190.1578,-25.24599681
552,227.285,52.1953,,,-90.215,190.2047,-25.37520946
553,227.168,52.2461,,,-90.332,190.1539,-25.40990547
554,227.602,51.7344,,,-89.898,190.6656,-25.24367341
555,228.465,51.3867,,,-89.035,191.0133,-24.9911383
556,228.508,51.4922,,,-88.992,190.9078,-24.9926609
557,228.812,51.3594,,,-88.688,191.0406,-24.90244423
558,229.305,51.3359,,,-88.195,191.0641,-24.7780006
559,229.168,51.4023,,,-88.332,190.9977,-24.81944504
560,229.184,51.3047,,,-88.316,191.0953,-24.80434224
561,229.395,51.3828,,,-88.105,191.0172,-24.76109747
562,230.168,51.2344,,,-87.332,191.1656,-24.55279373
563,230.238,51.2383,,,-87.262,191.1617,-24.53587522
564,230.133,50.4609,,,-87.367,191.9391,-24.47411856
565,231.227,50.293,,,-86.273,192.107,-24.18428903
566,230.965,50.4609,,,-86.535,191.9391,-24.26804818
567,231.367,50.3164,,,-86.133,192.0836,-24.1521381
568,231.523,50.3203,,,-85.977,192.0797,-24.11381774
569,232.125,50.6328,,,-85.375,191.7672,-23.99868882
570,232.145,50.6172,,,-85.355,191.7828,-23.99197012
571,232.852,50.25,,,-84.648,192.15,-23.77497092
572,233.168,49.7539,,,-84.332,192.6461,-23.6416913
573,233.168,49.6094,,,-84.332,192.7906,-23.62591345
574,233.082,49.6445,,,-84.418,192.7555,-23.65119681
575,233.949,49.5156,,,-83.551,192.8844,-23.42062953
576,234.02,49.6836,,,-83.48,192.7164,-23.4210731
577,234.168,49.6367,,,-83.332,192.7633,-23.37893484
578,234.109,49.6875,,,-83.391,192.7125,-23.39921228
579,234.754,49.7109,,,-82.746,192.6891,-23.24001623
580,235.004,49.6875,,,-82.496,192.7125,-23.17470644
581,234.996,48.6875,,,-82.504,193.7125,-23.06961712
582,234.945,48.7305,,,-82.555,193.6695,-23.08697236
583,234.906,48.7109,,,-82.594,193.6891,-23.09464325
584,235.914,48.7305,,,-81.586,193.6695,-22.84394317
585,235.57,48.7305,,,-81.93,193.6695,-22.93031979
586,236.062,48.6602,,,-81.438,193.7398,-22.79931819
587,236.043,48.5586,,,-81.457,193.8414,-22.79336274
588,235.949,48.5312,,,-81.551,193.8688,-22.81407862
589,236.391,47.668,,,-81.109,194.732,-22.61251057
590,236.969,47.6328,,,-80.531,194.7672,-22.46377872
591,237.035,47.5898,,,-80.465,194.8102,-22.44273261
592,236.832,47.7266,,,-80.668,194.6734,-22.50794738
593,236.793,47.625,,,-80.707,194.775,-22.50716895
594,237.828,47.7031,,,-79.672,194.6969,-22.25488915
595,238.23,47.6758,,,-79.27,194.7242,-22.15067753
596,237.852,47.7539,,,-79.648,194.6461,-22.25407926
597,237.434,47.7617,,,-80.066,194.6383,-22.36020235
598,237.883,47.668,,,-79.617,194.732,-22.2374056
599,238.93,46.793,,,-78.57,195.607,-21.88398339
600,238.949,46.7734,,,-78.551,195.6266,-21.87720591
601,238.824,47.0859,,,-78.676,195.3141,-21.94045445
602,239.324,46.7461,,,-78.176,195.6539,-21.77980657
603,239.039,47.1836,,,-78.461,195.2164,-21.89608617
604,239.844,47.1797,,,-77.656,195.2203,-21.69199493
605,239.953,46.8281,,,-77.547,195.5719,-21.62902001
606,240.109,46.8125,,,-77.391,195.5875,-21.58795234
607,239.801,46.75,,,-77.699,195.65,-21.65964208
608,239.848,46.5469,,,-77.652,195.8531,-21.62737686
609,240.09,45.7383,,,-77.41,196.6617,-21.48559655
610,240.387,45.7734,,,-77.113,196.6266,-21.41411339
611,241.168,46.1914,,,-76.332,196.2086,-21.25777373
612,240.969,46.125,,,-76.531,196.275,-21.30166612
613,241.168,45.7891,,,-76.332,196.6109,-21.21814923
614,241.031,45.7578,,,-76.469,196.6422,-21.24975466
615,241.41,45.8047,,,-76.09,196.5953,-21.15836867
616,241.461,45.8047,,,-76.039,196.5953,-21.14544054
617,241.91,45.8086,,,-75.59,196.5914,-21.03190574
618,241.781,46.1484,,,-75.719,196.2516,-21.09791877
619,242.141,45.1484,,,-75.359,197.2516,-20.90911
620,242.91,44.7812,,,-74.59,197.6188,-20.67870557
621,242.941,44.8359,,,-74.559,197.5641,-20.67607724
622,242.969,44.8516,,,-74.531,197.5484,-20.67047273
623,243.098,45.1758,,,-74.402,197.2242,-20.6687724
624,243.156,44.7344,,,-74.344,197.6656,-20.61178005
625,243.984,45.1328,,,-73.516,197.2672,-20.43902561
626,244.02,45.1562,,,-73.48,197.2438,-20.43206744
627,243.445,44.7344,,,-74.055,197.6656,-20.53835602
628,243.527,44.5938,,,-73.973,197.8062,-20.50414027
629,244.168,44.3047,,,-73.332,198.0953,-20.31381974
630,244.336,44.3047,,,-73.164,198.0953,-20.27107301
631,244.961,44.3008,,,-72.539,198.0992,-20.11147406
632,245.02,44.2148,,,-72.48,198.1852,-20.08840256
633,245.051,44.2734,,,-72.449,198.1266,-20.08596177
634,245.438,44.3008,,,-72.062,198.0992,-19.98972935
635,245.824,44.3242,,,-71.676,198.0758,-19.89323807
636,245.23,44.4023,,,-72.27,197.9977,-20.05229652
637,245.34,44.4336,,,-72.16,197.9664,-20.02711674
638,245.867,44.2188,,,-71.633,198.1812,-19.87249314
639,246.254,44.2461,,,-71.246,198.1539,-19.77598799
640,246.145,43.2773,,,-71.355,199.1227,-19.7149828
641,246.168,43.3789,,,-71.332,199.0211,-19.71840347
642,246.254,43.3164,,,-71.246,199.0836,-19.69075261
643,246.805,43.332,,,-70.695,199.068,-19.55147206
644,247.285,43.2969,,,-70.215,199.1031,-19.42552889
645,247.227,43.3008,,,-70.273,199.0992,-19.44072425
646,247.25,43.1445,,,-70.25,199.2555,-19.42073488
647,247.766,43.3086,,,-69.734,199.0914,-19.30337945
648,248.168,43.3398,,,-69.332,199.0602,-19.20305576
649,248.016,42.6094,,,-69.484,199.7906,-19.17686349
650,248.145,42.3906,,,-69.355,200.0094,-19.12443371
651,248.25,42.4062,,,-69.25,199.9938,-19.09896075
652,248.914,42.2773,,,-68.586,200.1227,-18.91759968
653,248.805,42.3008,,,-68.695,200.0992,-18.94758816
654,248.969,42.2773,,,-68.531,200.1227,-18.90350696
655,248.969,42.3906,,,-68.531,200.0094,-18.91345436
656,249.062,42.4688,,,-68.438,199.9312,-18.89647302
657,249.555,42.2031,,,-67.945,200.1969,-18.74674327
658,249.852,42.3555,,,-67.648,200.0445,-18.68372491
659,249.82,42.375,,,-67.68,200.025,-18.6936449
660,249.832,42.3867,,,-67.668,200.0133,-18.69157802
661,250.168,41.6172,,,-67.332,200.7828,-18.53874634
662,250.512,41.5977,,,-66.988,200.8023,-18.44878927
663,250.414,41.5898,,,-67.086,200.8102,-18.47327057
664,250.449,41.6289,,,-67.051,200.7711,-18.46763843
665,250.867,41.6016,,,-66.633,200.7984,-18.35792398
666,251.25,41.6172,,,-66.25,200.7828,-18.26074784
667,251.406,41.6523,,,-66.094,200.7477,-18.22356813
668,251.328,41.668,,,-66.172,200.732,-18.24498314
669,251.828,41.6875,,,-65.672,200.7125,-18.11780496
670,252.27,41.4961,,,-65.23,200.9039,-17.98771159
671,252.227,41.043,,,-65.273,201.357,-17.96090739
672,252.246,40.6133,,,-65.254,201.7867,-17.92022568
673,252.148,40.6641,,,-65.352,201.7359,-17.94964302
674,252.359,40.7188,,,-65.141,201.6812,-17.899935
675,253.211,40.6953,,,-64.289,201.7047,-17.67855332
676,253.211,40.668,,,-64.289,201.732,-17.67630987
677,253.109,40.6016,,,-64.391,201.7984,-17.69714368
678,253.125,40.6211,,,-64.375,201.7789,-17.69462377
679,253.422,40.6406,,,-64.078,201.7594,-17.61964543
680,254.234,40.8008,,,-63.266,201.5992,-17.42293644
681,254.195,40.6641,,,-63.305,201.7359,-17.42192827
682,254.086,40.6836,,,-63.414,201.7164,-17.45169077
683,254.363,40.4531,,,-63.137,201.9469,-17.36141512
684,254.895,40.6172,,,-62.605,201.7828,-17.23699195
685,255.008,40.6836,,,-62.492,201.7164,-17.21304832
686,254.551,40.4336,,,-62.949,201.9664,-17.31124113
687,254.793,40.5664,,,-62.707,201.8336,-17.25932076
688,255.145,40.5312,,,-62.355,201.8688,-17.16532991
689,255.996,40.6719,,,-61.504,201.7281,-16.95571078
690,255.98,40.6719,,,-61.52,201.7281,-16.95986858
691,255.961,40.5859,,,-61.539,201.8141,-16.95799138
692,256.309,40.5781,,,-61.191,201.8219,-16.86693952
693,257.094,40.707,,,-60.406,201.693,-16.67268351
694,256.996,40.6367,,,-60.504,201.7633,-16.69273342
695,256.812,40.6406,,,-60.688,201.7594,-16.74096725
696,256.832,40.5547,,,-60.668,201.8453,-16.72903445
697,257,40.6094,,,-60.5,201.7906,-16.68955863
698,257.914,40.6602,,,-59.586,201.7398,-16.45506719
699,257.82,40.6055,,,-59.68,201.7945,-16.4753939
700,257.406,40.668,,,-60.094,201.732,-16.58828213
701,258.031,40.5312,,,-59.469,201.8688,-16.41456901
702,258.43,40.6953,,,-59.07,201.7047,-16.322873
703,258.469,40.6562,,,-59.031,201.7438,-16.30967577
704,258.5,40.6289,,,-59,201.7711,-16.29947715
705,258.516,40.6992,,,-58.984,201.7008,-16.30066951
706,258.938,40.6367,,,-58.562,201.7633,-16.18542384
707,259.508,40.5781,,,-57.992,201.8219,-16.03160538
708,259.449,40.5234,,,-58.051,201.8766,-16.04295206
709,259.422,40.5859,,,-58.078,201.8141,-16.05474404
710,259.82,40.5352,,,-57.68,201.8648,-15.94653551
711,260.199,40.7188,,,-57.301,201.6812,-15.8607344
712,260.188,40.6406,,,-57.312,201.7594,-15.85778663
713,260.25,40.4688,,,-57.25,201.9312,-15.82869106
714,260.32,40.5078,,,-57.18,201.8922,-15.81320673
715,260.914,40.5898,,,-56.586,201.8102,-15.66308049
716,261.27,40.6484,,,-56.23,201.7516,-15.57363571
717,261.215,40.6992,,,-56.285,201.7008,-15.59186342
718,261.168,40.6602,,,-56.332,201.7398,-15.60137945
719,261.168,40.707,,,-56.332,201.693,-15.60482317
720,261.422,40.6484,,,-56.078,201.7516,-15.53357261
721,262.121,40.6875,,,-55.379,201.7125,-15.35196993
722,262.086,40.6602,,,-55.414,201.7398,-15.35923378
723,262.102,40.6016,,,-55.398,201.7984,-15.35075981
724,262.129,40.582,,,-55.371,201.818,-15.34221089
725,262.871,40.8047,,,-54.629,201.5953,-15.16208369
726,263.223,40.543,,,-54.277,201.857,-15.05019454
727,263.254,40.6133,,,-54.246,201.7867,-15.0469912
728,263.445,40.6953,,,-54.055,201.7047,-15.00222318
729,263.82,40.5469,,,-53.68,201.8531,-14.89232373
730,263.922,40.4727,,,-53.578,201.9273,-14.86005943
731,264.082,40.6211,,,-53.418,201.7789,-14.82805573
732,264.051,40.6445,,,-53.449,201.7555,-14.83792628
733,264.168,40.6367,,,-53.332,201.7633,-14.80632715
734,264.887,40.7227,,,-52.613,201.6773,-14.62128108
735,264.863,40.7148,,,-52.637,201.6852,-14.62711634
736,264.832,40.4609,,,-52.668,201.9391,-14.61774852
737,265.168,40.5352,,,-52.332,201.8648,-14.5335725
738,265.805,40.5977,,,-51.695,201.8023,-14.36829215
739,265.383,40.6367,,,-52.117,201.7633,-14.48335303
740,265.832,40.6523,,,-51.668,201.7477,-14.36482394
741,266.113,40.5391,,,-51.387,201.8609,-14.28222209
742,266.52,40.6641,,,-50.98,201.7359,-14.18210662
743,266.484,40.5938,,,-51.016,201.8062,-14.18697286
744,266.895,40.4609,,,-50.605,201.9391,-14.06834363
745,266.496,40.4648,,,-51.004,201.9352,-14.17507496
746,267.039,40.6211,,,-50.461,201.7789,-14.04059288
747,267.352,40.6055,,,-50.148,201.7945,-13.95587949
748,267.301,40.6172,,,-50.199,201.7828,-13.97029519
749,267.445,40.4883,,,-50.055,201.9117,-13.92323549
750,268.289,40.6406,,,-49.211,201.7594,-13.70733364
751,268.273,40.5312,,,-49.227,201.8688,-13.70447156
752,268.344,40.5508,,,-49.156,201.8492,-13.6867283
753,268.379,40.5,,,-49.121,201.9,-13.67403709
754,268.867,40.668,,,-48.633,201.732,-13.55408045
755,269.402,40.5664,,,-48.098,201.8336,-13.40388273
756,269.309,40.582,,,-48.191,201.818,-13.42986234
757,269.207,40.5625,,,-48.293,201.8375,-13.45600194
758,269.461,40.6055,,,-48.039,201.7945,-13.39053368
759,270,40.5234,,,-47.5,201.8766,-13.24041867
760,270.055,40.5469,,,-47.445,201.8531,-13.22711239
761,270.016,40.5938,,,-47.484,201.8062,-13.24057055
762,270.305,40.5781,,,-47.195,201.8219,-13.16181044
763,270.898,40.6797,,,-46.602,201.7203,-13.00841298
764,270.789,40.5039,,,-46.711,201.8961,-13.02683551
765,271.02,40.7148,,,-46.48,201.6852,-12.97769374
766,271.234,40.6172,,,-46.266,201.7828,-12.91391244
767,271.844,40.8086,,,-45.656,201.5914,-12.76095597
768,271.918,40.6992,,,-45.582,201.7008,-12.73426331
769,271.914,40.6211,,,-45.586,201.7789,-12.73057571
770,272.09,40.6445,,,-45.41,201.7555,-12.68444134
771,272.816,40.6445,,,-44.684,201.7555,-12.48805761
772,272.891,40.7422,,,-44.609,201.6578,-12.47360436
773,272.961,40.7188,,,-44.539,201.6812,-12.45324218
774,273.137,40.625,,,-44.363,201.775,-12.39996995
775,273.895,40.7812,,,-43.605,201.6188,-12.20365756
776,273.812,40.5039,,,-43.688,201.8961,-12.20990023
777,274.09,40.6562,,,-43.41,201.7438,-12.14340327
778,274.145,40.6211,,,-43.355,201.7789,-12.12642616
779,274.504,40.5586,,,-42.996,201.8414,-12.0253336
780,274.453,40.5742,,,-43.047,201.8258,-12.04008501
781,274.543,40.6523,,,-42.957,201.7477,-12.02016087
782,274.879,40.6406,,,-42.621,201.7594,-11.92817352
783,275.324,40.6719,,,-42.176,201.7281,-11.80892729
784,275.348,40.707,,,-42.152,201.693,-11.80439234
785,275.5,40.6484,,,-42,201.7516,-11.75969236
786,276.371,40.6172,,,-41.129,201.7828,-11.52067314
787,276.195,40.6797,,,-41.305,201.7203,-11.57213402
788,276.23,40.7695,,,-41.27,201.6305,-11.56760334
789,276.746,40.6797,,,-40.754,201.7203,-11.42184784
790,277.293,40.6406,,,-40.207,201.7594,-11.27036632
791,277.57,40.7422,,,-39.93,201.6578,-11.20018601
792,277.34,40.707,,,-40.16,201.693,-11.26113989
793,277.281,40.7539,,,-40.219,201.6461,-11.27981591
794,277.582,40.6719,,,-39.918,201.7281,-11.19310167
795,278.395,40.6367,,,-39.105,201.7633,-10.96885345
796,278.117,40.707,,,-39.383,201.693,-11.04867575
797,278.559,40.6445,,,-38.941,201.7555,-10.924373
798,279.223,40.668,,,-38.277,201.732,-10.74369006
799,279.207,40.6172,,,-38.293,201.7828,-10.74543351
800,279.199,40.6914,,,-38.301,201.7086,-10.75148756
801,279.816,40.6055,,,-37.684,201.7945,-10.57782915
802,280.074,40.5859,,,-37.426,201.8141,-10.50602941
803,279.996,40.6602,,,-37.504,201.7398,-10.53122666
804,279.953,40.7852,,,-37.547,201.6148,-10.54942053
805,280.195,40.7031,,,-37.305,201.6969,-10.4787663
806,281.012,40.8008,,,-36.488,201.5992,-10.25906123
807,281.027,40.75,,,-36.473,201.65,-10.25240466
808,281.031,40.7578,,,-36.469,201.6422,-10.25169226
809,281.387,40.6719,,,-36.113,201.7281,-10.14947644
810,281.922,40.7188,,,-35.578,201.6812,-10.00445322
811,281.957,40.7188,,,-35.543,201.6812,-9.994809846
812,281.918,40.7422,,,-35.582,201.6578,-10.00669285
813,281.977,40.707,,,-35.523,201.693,-9.988726437
814,282.398,40.707,,,-35.102,201.693,-9.872688171
815,282.535,40.7148,,,-34.965,201.6852,-9.835282734
816,282.508,40.6992,,,-34.992,201.7008,-9.841982689
817,282.988,40.6211,,,-34.512,201.7789,-9.705876673
818,283.598,40.6797,,,-33.902,201.7203,-9.540223957
819,283.562,40.5938,,,-33.938,201.8062,-9.546177812
820,283.496,40.6328,,,-34.004,201.7672,-9.566214403
821,283.898,40.6094,,,-33.602,201.7906,-9.454098587
822,284.289,40.6914,,,-33.211,201.7086,-9.349773193
823,284.168,40.668,,,-33.332,201.732,-9.382164077
824,284.285,40.6836,,,-33.215,201.7164,-9.350524215
825,284.785,40.4844,,,-32.715,201.9156,-9.203265213
826,285.363,40.5781,,,-32.137,201.8219,-9.047504104
827,285.488,40.5664,,,-32.012,201.8336,-9.012377828
828,285.238,40.6133,,,-32.262,201.7867,-9.083667721
829,285.48,40.5586,,,-32.02,201.8414,-9.014250456
830,286.059,40.7266,,,-31.441,201.6734,-8.861114938
831,286.035,40.6875,,,-31.465,201.7125,-8.866079852
832,286.129,40.668,,,-31.371,201.732,-8.839170861
833,286.25,40.4961,,,-31.25,201.9039,-8.798233219
834,286.273,40.6055,,,-31.227,201.7945,-8.796550779
835,286.891,40.5977,,,-30.609,201.8023,-8.624777634
836,287.086,40.668,,,-30.414,201.732,-8.573592853
837,287.566,40.6367,,,-29.934,201.7633,-8.438956445
838,287.887,40.7109,,,-29.613,201.6891,-8.352771592
839,287.941,40.5977,,,-29.559,201.8023,-8.333143105
840,287.809,40.5703,,,-29.691,201.8297,-8.368709778
841,288.262,40.6133,,,-29.238,201.7867,-8.244527256
842,289.098,40.543,,,-28.402,201.857,-8.009143094
843,288.848,40.6797,,,-28.652,201.7203,-8.084116815
844,289.062,40.5859,,,-28.438,201.8141,-8.020845307
845,289.266,40.6992,,,-28.234,201.7008,-7.968464777
846,289.844,40.6836,,,-27.656,201.7164,-7.806772264
847,289.969,40.5977,,,-27.531,201.8023,-7.768651472
848,289.953,40.6953,,,-27.547,201.7047,-7.776826351
849,290.059,40.6914,,,-27.441,201.7086,-7.747117498
850,290.559,40.6445,,,-26.941,201.7555,-7.605878512
851,290.867,40.668,,,-26.633,201.732,-7.520791905
852,291.023,40.6172,,,-26.477,201.7828,-7.475378417
853,291.352,40.5547,,,-26.148,201.8453,-7.381260525
854,291.887,40.6211,,,-25.613,201.7789,-7.234206493
855,291.918,40.6211,,,-25.582,201.7789,-7.225543359
856,291.84,40.6289,,,-25.66,201.7711,-7.247617473
857,291.898,40.6562,,,-25.602,201.7438,-7.232377289
858,292.277,40.7422,,,-25.223,201.6578,-7.129429405
859,292.371,40.6641,,,-25.129,201.7359,-7.100409822
860,292.414,40.6758,,,-25.086,201.7242,-7.088790455
861,292.895,40.6055,,,-24.605,201.7945,-6.9518145
862,293.34,40.6641,,,-24.16,201.7359,-6.829247656
863,293.367,40.6953,,,-24.133,201.7047,-6.822732837
864,293.777,40.5391,,,-23.723,201.8609,-6.702742112
865,294.254,40.6055,,,-23.246,201.7945,-6.571302184
866,294.414,40.5938,,,-23.086,201.8062,-6.52608898
867,294.414,40.6211,,,-23.086,201.7789,-6.526964319
868,294.484,40.582,,,-23.016,201.818,-6.506093735
869,295.059,40.7227,,,-22.441,201.6773,-6.349287172
870,295.199,40.7383,,,-22.301,201.6617,-6.310481311
871,295.105,40.7266,,,-22.395,201.6734,-6.336499782
872,295.586,40.6406,,,-21.914,201.7594,-6.198853502
873,296.012,40.7656,,,-21.488,201.6344,-6.0830018
874,296.059,40.7109,,,-21.441,201.6891,-6.068162179
875,296.043,40.6992,,,-21.457,201.7008,-6.072307001
876,296.254,40.6172,,,-21.246,201.7828,-6.010608196
877,296.996,40.6172,,,-20.504,201.7828,-5.802150182
878,296.91,40.6836,,,-20.59,201.7164,-5.828223767
879,297.098,40.6875,,,-20.402,201.7125,-5.775480599
880,297.527,40.6992,,,-19.973,201.7008,-5.655158901
881,297.734,40.6445,,,-19.766,201.7555,-5.595415142
882,297.766,40.7734,,,-19.734,201.6266,-5.589962624
883,297.875,40.7227,,,-19.625,201.6773,-5.557891825
884,298.43,40.6953,,,-19.07,201.7047,-5.400926883
885,298.832,40.6602,,,-18.668,201.7398,-5.286811568
886,298.41,40.5195,,,-19.09,201.8805,-5.401877419
887,298.91,40.6133,,,-18.59,201.7867,-5.263629418
888,299.559,40.6406,,,-17.941,201.7594,-5.081532551
889,299.418,40.5664,,,-18.082,201.8336,-5.119384524
890,299.457,40.543,,,-18.043,201.857,-5.107812259
891,299.961,40.5469,,,-17.539,201.8531,-4.965953427
892,300.32,40.6719,,,-17.18,201.7281,-4.867799816
893,300.266,40.5391,,,-17.234,201.8609,-4.879829448
894,300.824,40.6406,,,-16.676,201.7594,-4.724922564
895,301.148,40.5391,,,-16.352,201.8609,-4.631205441
896,301.305,40.6562,,,-16.195,201.7438,-4.589581701
897,301.309,40.6445,,,-16.191,201.7555,-4.588188009
898,301.453,40.7578,,,-16.047,201.6422,-4.55009785
899,302.141,40.5312,,,-15.359,201.8688,-4.350913543
900,302.32,40.5898,,,-15.18,201.8102,-4.301641602
901,302.227,40.6641,,,-15.273,201.7359,-4.329483624
902,303.031,40.5703,,,-14.469,201.8297,-4.100470872
903,302.879,40.7773,,,-14.621,201.6227,-4.147637029
904,302.984,40.6484,,,-14.516,201.7516,-4.115331876
905,303.277,40.5938,,,-14.223,201.8062,-4.031454866
906,303.906,40.6289,,,-13.594,201.7711,-3.854385181
907,303.965,40.7227,,,-13.535,201.6773,-3.839486246
908,304.184,40.6367,,,-13.316,201.7633,-3.775938164
909,304.852,40.668,,,-12.648,201.732,-3.587580075
910,305.191,40.6758,,,-12.309,201.7242,-3.491799233
911,304.859,40.5859,,,-12.641,201.8141,-3.584144865
912,304.945,40.7305,,,-12.555,201.6695,-3.562369791
913,305.527,40.5742,,,-11.973,201.8258,-3.395003615
914,305.457,40.6797,,,-12.043,201.7203,-3.416587347
915,305.453,40.7109,,,-12.047,201.6891,-3.418246899
916,305.914,40.5742,,,-11.586,201.8258,-3.285512242
917,306.238,40.5703,,,-11.262,201.8297,-3.193764947
918,306.238,40.6211,,,-11.262,201.7789,-3.194567346
919,306.219,40.7266,,,-11.281,201.6734,-3.201616159
920,306.25,40.5586,,,-11.25,201.8414,-3.190184376
921,307.059,40.5703,,,-10.441,201.8297,-2.961370095
922,307.125,40.6016,,,-10.375,201.7984,-2.943139212
923,307.121,40.6094,,,-10.379,201.7906,-2.944385528
924,307.293,40.5664,,,-10.207,201.8336,-2.895059272
925,307.992,40.582,,,-9.508,201.818,-2.697310283
926,308.016,40.5977,,,-9.484,201.8023,-2.690720787
927,308.035,40.6719,,,-9.465,201.7281,-2.686324444
928,308.121,40.6836,,,-9.379,201.7164,-2.66210566
965,316.957,40.5734,,,-0.543,201.8266,-0.154149816
987,321.414,40.5078,,,3.914,201.8922,1.11063029
1030,328.539,40.5078,,,11.039,201.8922,3.129684714